City,Cloudiness,Country,Date,Humidity,Lat,Lng,Max Temp,Wind Speed
Albany,90,US,1552525685,51,42.65,-73.75,42.01,3.36
Mataura,20,NZ,1552525207,65,-46.19,168.86,59.0,1.99
Ancud,20,CL,1552521600,76,-41.87,-73.83,53.6,8.05
Maragogi,68,BR,1552526261,100,-9.01,-35.22,76.79,2.73
Jamestown,0,AU,1552525545,94,-33.21,138.6,62.16,4.41
Tasiilaq,90,GL,1552521000,92,65.61,-37.64,23.0,3.36
Butaritari,88,KI,1552525843,100,3.07,172.79,80.21,8.99
Gedo,24,ET,1552526261,94,9.01,37.45,54.74,3.18
Lavrentiya,64,RU,1552526261,100,65.58,-170.99,16.04,32.59
Sarangani,100,PH,1552526045,100,5.4,125.46,79.17,7.99
Kaura Namoda,0,NG,1552526261,54,12.59,6.58,72.11,3.51
Normandin,90,CA,1552524240,74,48.84,-72.53,35.6,12.75
Sisimiut,20,GL,1552526015,39,66.94,-53.67,-13.26,1.61
Port Alfred,64,ZA,1552525636,93,-33.59,26.89,64.0,7.87
Mar del Plata,0,AR,1552525424,90,-46.43,-67.52,57.21,4.41
Rikitea,100,PF,1552525407,100,-23.12,-134.97,74.72,21.52
Upernavik,32,GL,1552525837,100,72.79,-56.15,-3.54,2.39
Mana,0,RS,1552523400,80,43.52,20.24,39.2,5.82
Quatre Cocos,20,MU,1552526045,83,-20.21,57.76,73.4,5.82
Ola,24,RU,1552526262,100,59.58,151.3,12.17,4.41
Dikson,80,RU,1552525444,91,73.51,80.55,12.12,25.1
Kodinsk,92,RU,1552526024,91,58.6,99.18,33.59,8.99
Vaini,0,IN,1552521600,49,15.34,74.49,69.8,2.06
Kapaa,1,US,1552525696,57,22.08,-159.32,80.6,13.87
Llangefni,92,GB,1552526157,93,53.26,-4.31,46.99,23.04
Loanda,20,BR,1552526262,97,-22.93,-53.14,71.97,2.62
Gaya,75,IN,1552521600,82,24.8,85.01,68.0,4.7
Ushuaia,0,AR,1552521600,53,-54.81,-68.31,51.8,3.36
Busselton,0,AU,1552525506,47,-33.64,115.35,69.01,14.14
Yellowknife,75,CA,1552525697,61,62.45,-114.38,12.2,6.93
Kandrian,48,PG,1552526262,85,-6.21,149.55,82.19,3.51
Barrow,0,AR,1552525408,76,-38.31,-60.23,58.07,9.44
Oistins,75,BB,1552521600,78,13.07,-59.53,78.8,12.75
Kahului,40,US,1552526203,61,20.89,-156.47,82.0,21.92
Aktau,68,KZ,1552523400,100,43.65,51.16,42.8,11.18
Hilo,90,US,1552525701,73,19.71,-155.08,75.2,5.82
Kijang,0,KR,1552521600,30,35.24,129.21,41.0,5.82
Longyearbyen,20,NO,1552524600,70,78.22,15.63,-0.41,3.36
Saint Anthony,90,US,1552525847,59,43.97,-111.68,35.6,4.7
Baykit,88,RU,1552525907,92,61.68,96.39,28.32,8.32
Sao Joao da Barra,12,BR,1552526040,94,-21.64,-41.05,83.94,23.76
Manicore,20,BR,1552526018,89,-5.81,-61.3,79.71,1.95
New Norfolk,0,AU,1552525816,39,-42.78,147.06,66.0,10.29
Lasa,75,CY,1552526151,81,34.92,32.53,53.6,5.82
Entre Rios,100,BR,1552526123,88,-11.94,-38.08,81.6,8.21
Praia da Vitoria,75,PT,1552526187,62,38.73,-27.07,57.99,12.57
Castro,20,CL,1552521600,76,-42.48,-73.76,53.6,8.05
Airai,68,TL,1552526324,86,-8.93,125.41,73.46,0.83
Hithadhoo,88,MV,1552525770,100,-0.6,73.08,82.37,9.78
Sanary-sur-Mer,0,FR,1552526313,40,43.12,5.8,53.01,12.75
Bredasdorp,92,ZA,1552525329,88,-34.53,20.04,64.4,2.24
Talnakh,80,RU,1552526041,81,69.49,88.39,18.56,18.28
Caravelas,0,BR,1552526070,99,-17.73,-39.27,84.3,16.49
Brigantine,20,US,1552526323,56,39.41,-74.36,43.0,5.82
Tuktoyaktuk,75,CA,1552521600,75,69.44,-133.03,-16.61,6.93
Gobabis,0,NA,1552526325,70,-22.45,18.97,66.26,5.86
Pevek,8,RU,1552526325,100,69.7,170.27,-20.64,2.95
Santiago de Cuba,40,CU,1552521060,51,20.03,-75.83,80.6,12.75
Callaguip,20,PH,1552521600,74,18.07,120.49,78.8,4.7
Durres,0,AL,1552524600,100,41.32,19.44,37.4,4.7
Bahir Dar,76,ET,1552526325,46,11.59,37.39,62.34,1.95
Tual,92,ID,1552526058,100,-5.67,132.75,77.37,19.39
Pahrump,1,US,1552525900,16,36.21,-115.98,54.0,11.41
Mutuipe,8,BR,1552526326,84,-13.23,-39.5,74.09,7.76
Saint-Philippe,90,CA,1552526287,100,45.36,-73.48,32.0,3.18
Noumea,92,NC,1552523400,88,-22.28,166.46,78.8,5.82
Puerto Ayora,0,EC,1552525284,78,-0.74,-90.35,78.8,9.17
Kaohsiung,75,TW,1552526102,64,22.62,120.31,75.2,5.82
Punta Arenas,40,CL,1552525992,87,-53.16,-70.91,46.4,5.82
Izumo,40,JP,1552521600,95,35.37,132.75,42.8,6.93
Aksha,48,RU,1552526326,70,50.28,113.29,19.05,7.54
Whitehorse,90,CA,1552526147,51,60.72,-135.06,35.6,11.41
Saskylakh,32,RU,1552525973,29,71.97,114.09,-20.6,3.18
Chokurdakh,0,RU,1552526077,49,70.62,147.9,-16.95,2.95
Tiksi,56,RU,1552526113,76,71.64,128.87,-3.95,3.96
Yakeshi,48,CN,1552526327,75,49.28,120.73,15.0,5.3
Bambous Virieux,20,MU,1552525745,83,-20.34,57.76,73.4,5.82
Tyrma,32,RU,1552526208,87,50.04,132.17,24.14,3.62
Chicama,75,PE,1552521600,69,-7.84,-79.15,78.8,6.93
Erenhot,12,CN,1552526327,75,43.65,111.97,17.12,3.62
Hambantota,20,LK,1552522200,100,6.12,81.12,75.2,3.36
Hobart,0,AU,1552526055,39,-42.88,147.33,66.0,10.29
Cape Town,20,ZA,1552525564,88,-33.93,18.42,66.99,16.11
Qaanaaq,56,GL,1552525972,100,77.48,-69.36,-4.22,9.44
Sens,0,FR,1552526237,81,48.2,3.28,43.0,17.22
Luderitz,8,NA,1552526388,91,-26.65,15.16,58.07,12.8
Santa Lucia,12,IT,1552525793,45,39.93,9.66,50.0,8.01
Tuatapere,92,NZ,1552525804,60,-46.13,167.69,59.0,3.0
Mount Gambier,8,AU,1552521600,51,-37.83,140.78,62.6,8.05
Tupelo,90,US,1552526188,64,34.26,-88.7,70.0,23.04
Broome,48,GB,1552526335,75,52.47,1.45,46.0,17.22
Huarmey,12,PE,1552526389,68,-10.07,-78.15,73.32,3.51
Hermanus,20,ZA,1552525329,95,-34.42,19.24,64.0,3.06
Bouar,44,CF,1552526389,55,5.94,15.59,76.38,2.73
Port Elizabeth,1,US,1552525971,48,39.31,-74.98,45.0,5.82
Norman Wells,40,CA,1552521600,60,65.28,-126.83,8.6,9.17
Alakurtti,44,RU,1552525770,92,66.96,30.34,5.0,5.01
Banda Aceh,12,ID,1552526348,100,5.56,95.32,72.78,2.17
Westport,92,IE,1552526324,93,53.8,-9.52,48.99,15.99
Namibe,0,AO,1552526133,100,-15.19,12.15,76.74,8.43
Arraial do Cabo,0,BR,1552521600,74,-22.97,-42.02,78.8,2.24
Sept-Iles,90,CA,1552526299,79,50.2,-66.38,27.0,4.7
Provideniya,92,RU,1552525973,100,64.42,-173.23,15.45,21.97
Ribeira Grande,0,PT,1552525973,97,38.52,-28.7,60.41,16.26
Bluff,0,AU,1552526390,52,-23.58,149.07,87.41,4.63
Marawi,44,PH,1552525215,72,8.0,124.29,80.01,3.0
Cabo San Lucas,40,MX,1552525813,52,22.89,-109.91,70.0,16.11
Bethel,40,US,1552524780,64,60.79,-161.76,39.2,10.29
Kodiak,90,US,1552526364,71,39.95,-94.76,60.01,16.11
Azare,8,NG,1552526391,35,11.67,10.19,72.15,6.42
Nouadhibou,0,MR,1552521600,72,20.93,-17.03,66.2,17.22
Lebu,40,ET,1552525200,62,8.96,38.73,59.0,4.7
Margate,0,AU,1552526229,39,-43.03,147.26,66.0,10.29
Antsohihy,24,MG,1552526392,95,-14.88,47.99,71.34,2.62
Ciudad Bolivar,76,VE,1552526392,43,8.12,-63.55,89.21,13.69
Oranjemund,92,ZA,1552526392,95,-28.55,16.43,62.39,14.14
Bogorodskoye,76,RU,1552525839,76,52.37,140.44,23.96,4.52
Pisco,40,PE,1552521600,83,-13.71,-76.2,73.4,23.04
Port-Gentil,76,GA,1552526098,99,-0.72,8.78,82.19,10.22
Atar,0,MR,1552526393,16,20.52,-13.05,68.96,10.0
Jizan,0,SA,1552521600,74,16.89,42.56,82.4,3.36
Tautira,75,PF,1552525987,70,-17.73,-149.15,84.2,9.17
Macau,32,BR,1552526393,71,-5.11,-36.64,82.23,7.2
Poronaysk,88,RU,1552526393,88,49.22,143.1,25.17,7.43
Shabqadar,68,PK,1552526393,91,34.21,71.56,40.92,2.39
Skjervoy,76,NO,1552526393,100,70.03,20.97,23.55,11.79
Ixtapa,5,MX,1552526127,69,20.71,-105.21,77.0,13.87
Cairns,40,AU,1552524821,62,-16.92,145.77,87.8,13.87
Saint-Louis,75,CH,1552526387,81,47.59,7.56,44.01,16.11
Kolokani,0,ML,1552526394,23,13.58,-8.03,67.07,9.78
Siddapur,0,IN,1552526394,94,13.66,74.91,66.21,2.62
Los Llanos de Aridane,0,ES,1552525801,77,28.66,-17.92,64.4,10.29
Hasaki,20,JP,1552525477,34,35.73,140.83,52.0,14.99
Tanout,0,NE,1552526454,21,14.97,8.88,76.07,11.79
Maloy,36,ID,1552526454,92,1.0,118.1,75.17,1.83
Ahipara,0,NZ,1552521104,70,-35.17,173.16,88.0,1.72
Bonthe,0,SL,1552526455,89,7.53,-12.5,80.66,4.41
Healdsburg,1,US,1552526453,36,38.61,-122.87,63.0,9.17
Vao,88,EE,1552525974,94,59.1,26.19,32.55,10.78
Takoradi,36,GH,1552526455,99,4.89,-1.75,82.5,8.77
Alabaster,90,US,1552526345,52,33.24,-86.82,71.6,8.05
Yulara,36,AU,1552521600,18,-25.24,130.99,89.6,16.11
Mtwara,92,TZ,1552526455,100,-10.28,40.18,81.78,8.55
Nikolskoye,0,RU,1552526435,85,59.7,30.79,24.01,6.71
Laguna,5,MX,1552520400,43,27.52,-110.01,71.6,5.82
Agadez,0,NE,1552526383,17,16.97,7.99,76.02,12.57
Vardo,90,US,1552525968,29,39.62,-77.74,57.2,8.05
Khatanga,0,RU,1552525905,30,71.98,102.47,-21.18,5.97
Tateyama,75,JP,1552526404,96,36.66,137.31,44.01,4.7
Carnarvon,88,ZA,1552525909,29,-30.97,22.13,55.64,2.95
Sungaipenuh,76,ID,1552526221,94,-2.08,101.38,67.02,0.83
Dingle,0,PH,1552526456,70,11.0,122.67,78.0,12.12
Orange Cove,1,US,1552526452,38,36.62,-119.31,61.0,6.93
Clyde River,1,CA,1552521600,75,70.47,-68.59,-20.21,2.24
East London,92,ZA,1552525907,100,-33.02,27.91,71.43,12.91
Logansport,1,US,1552526442,66,40.75,-86.36,61.0,11.41
Severobaykalsk,0,RU,1552526456,70,55.65,109.32,4.2,2.39
Hovd,75,NO,1552526418,92,63.83,10.7,35.01,8.05
Frederikshavn,80,DK,1552526457,98,57.44,10.53,40.74,15.37
Halifax,20,CA,1552526413,79,44.65,-63.58,30.2,2.24
Nioro,0,GM,1552526457,23,13.79,-15.05,76.29,11.79
Kavieng,68,PG,1552526457,100,-2.57,150.8,81.24,8.21
Tilichiki,24,RU,1552526457,81,60.47,166.1,-5.39,4.18
Buraydah,40,SA,1552521600,37,26.33,43.97,69.8,13.87
Belaya Gora,44,RU,1552526458,67,68.54,146.19,-9.21,3.29
Martil,0,MA,1552525200,76,35.62,-5.28,59.0,11.41
Qaqortoq,20,GL,1552524600,73,60.72,-46.03,26.6,8.05
Bubaque,0,GW,1552526458,96,11.28,-15.83,78.45,6.2
Sinnamary,92,GF,1552525974,93,5.38,-52.96,79.67,10.67
Bandarbeyla,92,SO,1552525909,100,9.49,50.81,78.09,9.78
Vila Franca do Campo,75,PT,1552526430,71,37.72,-25.43,57.2,13.87
Nanortalik,12,GL,1552526459,100,60.14,-45.24,25.89,27.89
Atuona,44,PF,1552526459,100,-9.8,-139.03,82.77,12.46
Cadillac,90,US,1552526428,93,44.25,-85.4,39.99,9.17
Birao,20,CF,1552526459,29,10.3,22.78,74.36,8.66
Phalombe,64,MW,1552526459,87,-15.81,35.65,67.07,5.41
Jinchang,20,CN,1552526519,60,38.52,102.19,11.81,4.29
Faanui,36,PF,1552526520,100,-16.48,-151.75,83.67,14.7
Cherskiy,0,RU,1552526520,41,68.75,161.3,-13.17,2.51
Sompeta,24,IN,1552526520,90,18.93,84.6,71.07,2.95
Pottstown,90,US,1552526411,45,40.25,-75.65,46.99,4.85
Zhigansk,56,RU,1552526520,80,66.77,123.37,6.18,6.53
Asyut,0,EG,1552521600,54,27.18,31.19,53.6,11.41
Souillac,92,FR,1552526469,81,45.6,-0.6,46.99,8.05
Carei,92,RO,1552526416,74,47.68,22.47,41.0,2.24
Lovozero,24,RU,1552526521,63,68.01,35.02,-0.35,2.62
Lander,90,US,1552526218,79,42.83,-108.73,30.0,13.87
Berlevag,24,NO,1552526236,100,70.86,29.09,17.12,18.84
Kamina,44,CD,1552526521,92,-8.74,25.0,66.39,3.06
Leningradskiy,12,RU,1552526040,80,69.38,178.42,-12.72,6.87
Kirakira,24,SB,1552526521,100,-10.46,161.92,83.13,5.3
Iqaluit,5,CA,1552525966,69,63.75,-68.52,-13.01,3.62
Kaitangata,68,NZ,1552526439,70,-46.28,169.85,55.99,7.0
Saint George,75,GR,1552526004,75,39.45,22.34,44.6,2.24
Savinesti,76,RO,1552526240,67,46.85,26.47,36.0,13.87
Haines Junction,80,CA,1552526522,79,60.75,-137.51,26.97,4.29
Pine Bluff,90,US,1552526128,93,34.23,-92.0,55.4,6.93
Victor Harbor,0,AU,1552526419,37,-35.55,138.62,73.99,11.41
Fortuna,0,ES,1552526484,76,38.18,-1.13,51.01,5.82
Pitimbu,0,BR,1552521600,88,-7.47,-34.81,80.6,5.82
Umm Lajj,20,SA,1552526523,94,25.02,37.27,71.07,12.57
San Patricio,92,PY,1552526523,91,-26.98,-56.83,71.57,2.06
Matara,64,PE,1552526523,73,-13.74,-72.9,49.83,1.83
Padang,20,ID,1552521600,88,-0.92,100.36,77.0,2.24
Helong,64,CN,1552526523,87,25.94,116.13,55.86,2.39
Kalikino,68,RU,1552526524,72,52.95,39.83,14.1,5.97
Pio XII,88,BR,1552526524,93,-3.89,-45.17,77.55,2.84
Beringovskiy,68,RU,1552526524,91,63.05,179.32,3.12,21.18
Namatanai,68,PG,1552526040,100,-3.66,152.44,81.51,10.0
Mahebourg,20,MU,1552526344,83,-20.41,57.7,75.2,6.93
Port Macquarie,40,AU,1552526045,69,-31.43,152.91,81.0,10.29
Kruisfontein,32,ZA,1552526040,86,-34.0,24.73,60.86,5.86
Belozerskoye,92,RU,1552526524,96,55.82,65.58,30.89,4.41
Kurikka,92,FI,1552526470,92,62.62,22.4,28.0,14.99
Lompoc,1,US,1552526404,26,34.64,-120.46,64.99,12.75
Camopi,64,GF,1552526525,96,3.17,-52.33,74.49,2.62
Port Augusta,0,AU,1552526265,43,-32.49,137.76,78.01,8.05
San Clemente,1,US,1552526524,62,33.43,-117.61,63.0,8.05
Opuwo,0,NA,1552526108,34,-18.06,13.84,58.29,4.74
Geraldton,90,CA,1552525200,93,49.72,-86.95,35.6,5.82
Porto Murtinho,68,BR,1552526526,93,-21.7,-57.88,75.75,6.08
Golden,75,CA,1552521600,35,51.3,-116.96,39.2,14.99
Batsfjord,8,NO,1552526526,100,70.63,29.72,23.06,26.78
Sechura,24,PE,1552526041,69,-5.56,-80.82,79.44,9.22
Puerto Baquerizo Moreno,0,EC,1552526586,100,-0.9,-89.6,77.69,7.65
Genhe,56,CN,1552526586,73,50.78,121.52,11.54,4.74
Nantucket,1,US,1552526552,69,41.28,-70.1,37.0,4.7
Dunedin,92,NZ,1552525743,63,-45.87,170.5,57.0,5.99
Abu Samrah,80,SY,1552526587,95,35.3,37.18,49.56,9.66
Severo-Kurilsk,92,RU,1552526587,95,50.68,156.12,30.89,20.96
Temiscaming,90,CA,1552525816,85,46.72,-79.1,32.0,9.17
Flin Flon,0,CA,1552526587,66,54.77,-101.88,32.28,5.75
Necochea,0,AR,1552526289,53,-38.55,-58.74,62.01,3.0
Saldanha,0,PT,1552526587,85,41.42,-6.55,32.1,3.96
Tromso,90,NO,1552524600,85,69.65,18.96,24.8,18.34
Seoul,0,KR,1552523400,32,37.57,126.98,41.0,8.05
Baruun-Urt,32,MN,1552526587,63,46.68,113.28,18.29,10.78
Moree,64,AU,1552526137,51,-29.46,149.84,86.0,16.11
La Ronge,5,CA,1552525200,55,55.1,-105.3,33.8,9.17
Paamiut,8,GL,1552526588,100,61.99,-49.67,22.11,22.53
Narsaq,48,GL,1552524600,73,60.91,-46.05,26.6,8.05
Thompson,40,CA,1552521600,55,55.74,-97.86,39.2,3.36
Gurupi,24,BR,1552526518,93,-11.73,-49.07,76.2,6.53
Severo-Yeniseyskiy,88,RU,1552526385,75,60.37,93.04,31.29,9.22
Ponta Delgada,75,PT,1552526550,71,37.73,-25.67,57.2,13.87
Imeni Poliny Osipenko,80,RU,1552526588,85,52.42,136.49,23.69,5.64
Ouesso,24,CG,1552526589,99,1.61,16.05,70.17,2.51
Caborca,92,MX,1552526055,56,30.58,-111.1,62.01,4.0
Labuhan,44,ID,1552526589,89,-2.54,115.51,74.72,2.84
Mazamari,24,PE,1552526589,94,-11.33,-74.53,68.82,1.72
Baoning,90,CN,1552521600,87,25.34,110.03,59.0,6.71
Lesnoy,88,RU,1552526589,81,59.78,52.13,25.35,5.41
Tezpur,8,IN,1552526589,86,26.62,92.79,56.94,3.18
Lazaro Cardenas,0,MX,1552526573,12,28.39,-105.62,68.0,20.74
Sioux Lookout,90,CA,1552525200,74,50.1,-91.92,37.4,2.24
Quzhou,92,CN,1552526590,98,28.97,118.86,50.28,3.51
Lorengau,76,PG,1552526590,100,-2.02,147.27,80.79,16.26
Puerto del Rosario,0,ES,1552525200,77,28.5,-13.86,64.4,17.22
Luau,76,CD,1552526590,95,-10.7,22.23,66.93,2.28
Xai-Xai,0,MZ,1552526590,100,-25.04,33.64,76.38,9.66
Skibbereen,75,IE,1552523400,93,51.55,-9.27,46.4,25.28
Sacramento,1,US,1552526418,30,38.58,-121.49,63.0,19.46
Amga,56,RU,1552526591,79,60.89,131.98,9.87,3.74
Coquimbo,75,CL,1552521600,82,-29.95,-71.34,60.8,8.05
Gryfino,90,PL,1552526353,86,53.25,14.49,43.0,14.99
Burnie,0,AU,1552526591,100,-41.05,145.91,59.55,7.09
Paita,20,PE,1552526592,62,-5.09,-81.11,81.33,7.76
Vysokogornyy,76,RU,1552526592,73,50.1,139.13,19.91,3.74
Cacu,20,BR,1552526592,89,-18.56,-51.13,73.05,2.84
Tahe,0,CN,1552526592,55,52.34,124.71,13.38,4.74
Victoria,75,BN,1552523400,83,5.28,115.24,80.6,2.28
Baker City,1,US,1552526246,48,44.77,-117.83,39.2,20.8
Varzea da Palma,8,BR,1552526653,69,-17.6,-44.73,77.51,2.17
Puqi,92,CN,1552526603,100,29.72,113.88,52.98,6.64
Kidal,92,ML,1552526653,27,18.44,1.41,67.56,5.41
High Rock,75,BS,1552521600,69,26.63,-78.28,73.4,9.17
Surgut,75,RU,1552523400,100,61.25,73.4,33.8,11.18
Banjar,44,ID,1552526653,89,-7.37,108.54,74.04,2.84
Guerrero Negro,0,MX,1552526081,96,27.97,-114.04,58.56,10.33
Charters Towers,8,AU,1552526654,86,-20.07,146.27,79.53,4.63
Dale,100,CN,1552526654,99,24.09,109.99,64.5,2.95
Ibra,0,OM,1552526654,87,22.69,58.55,47.67,2.17
Ilulissat,32,GL,1552524600,54,69.22,-51.1,5.0,12.75
Misratah,0,LY,1552526655,93,32.38,15.09,51.81,10.45
Yichun,100,CN,1552526655,99,27.8,114.38,52.76,9.1
Rudnaya Pristan,0,RU,1552526655,58,44.36,135.82,30.03,7.2
Birjand,0,IR,1552521600,74,32.86,59.22,35.6,6.93
Nemuro,75,JP,1552521600,92,43.32,145.57,28.4,4.7
Ponta do Sol,64,BR,1552526655,87,-20.63,-46.0,70.76,2.73
Matagami,0,NG,1552526655,65,9.67,8.4,64.37,1.39
Kang,24,BW,1552526656,55,-23.67,22.79,67.38,3.4
Torbay,40,CA,1552526599,85,47.66,-52.73,28.99,8.05
Naze,8,NG,1552526656,90,5.43,7.07,77.01,5.64
Gibara,75,CU,1552521000,69,21.11,-76.13,75.2,14.99
Upata,64,VE,1552526656,53,8.02,-62.41,81.24,7.87
Aklavik,75,CA,1552521600,70,68.22,-135.01,-5.81,5.82
Sabang,88,PH,1552526657,97,13.72,123.58,76.07,5.53
Hobyo,88,SO,1552526657,91,5.35,48.53,78.18,13.02
Aripuana,32,BR,1552526511,88,-9.17,-60.63,76.83,2.73
Mandan,90,US,1552526470,100,46.83,-100.89,30.99,26.4
Tecoanapa,5,MX,1552520880,58,16.99,-99.26,86.0,12.75
Wahiawa,1,US,1552526408,51,21.5,-158.02,82.4,10.29
Makakilo City,1,US,1552526408,51,21.35,-158.09,82.4,10.29
Suluq,0,LY,1552526657,87,31.67,20.25,45.15,6.42
Bilibino,0,RU,1552526658,72,68.06,166.44,-11.91,2.73
Yantai,64,CN,1552526658,80,37.53,121.39,44.57,12.24
Muroto,40,JP,1552521600,46,33.37,134.14,50.0,1.12
Aykhal,12,RU,1552526404,63,65.95,111.51,-9.44,2.84
Resistencia,0,AR,1552521600,78,-27.45,-58.99,71.6,6.93
Florence,1,US,1552526642,60,34.8,-87.68,71.01,19.46
Mandera,0,ET,1552526135,15,3.94,41.86,80.01,1.99
Bilma,0,NE,1552526659,21,18.69,12.92,67.29,13.35
Celestun,0,MX,1552526659,79,20.87,-90.4,85.11,2.95
Chuy,88,UY,1552526522,92,-33.69,-53.46,67.11,21.07
Labytnangi,0,RU,1552526719,72,66.66,66.39,5.87,10.0
Carlagan,80,PH,1552526720,100,14.97,122.05,77.55,7.76
Berestechko,92,UA,1552525837,77,50.36,25.12,39.99,1.99
Lincoln,90,US,1552526670,71,40.8,-96.67,57.2,21.92
Mangai,36,CD,1552526720,91,-4.07,19.59,75.44,2.06
Canyon,75,US,1552526561,52,34.98,-101.92,55.4,25.28
Trofors,75,NO,1552524600,82,65.54,13.39,32.0,20.8
Requena,0,ES,1552526429,43,39.49,-1.1,54.0,4.7
Ust-Karsk,56,RU,1552526720,68,52.71,118.82,17.43,2.62
Baza,0,ES,1552526341,62,37.49,-2.77,48.0,3.0
Seydi,0,NE,1552526721,29,13.34,7.75,71.88,10.56
Raudeberg,92,NO,1552526701,93,61.99,5.14,37.4,12.75
Whithorn,20,JM,1552526219,65,18.26,-78.04,78.8,9.17
Santiago,0,CL,1552526516,49,-33.44,-70.65,72.0,10.29
Balabac,0,PH,1552526722,100,7.99,117.06,81.15,10.45
Flinders,75,AU,1552526712,73,-34.58,150.85,78.01,6.93
Rocha,92,UY,1552526723,94,-34.48,-54.34,63.56,17.05
Dwarka,40,IN,1552523400,93,28.58,77.04,57.2,3.96
Kajaani,90,FI,1552522800,79,64.22,27.73,23.0,18.34
Lake Havasu City,1,US,1552526685,14,34.47,-114.34,66.99,11.41
Vostok,68,RU,1552526723,80,46.45,135.83,23.87,2.95
Mutoko,8,ZW,1552526723,83,-17.4,32.23,64.64,3.06
Marmora,0,IT,1552526603,62,44.46,7.09,43.0,3.18
Puerto Leguizamo,88,CO,1552526724,90,-0.19,-74.78,77.69,2.28
Daru,0,SL,1552526724,69,7.99,-10.85,79.98,9.33
Rybachiy,0,RU,1552523400,100,48.71,44.74,28.0,4.47
Nyurba,0,RU,1552526724,75,63.29,118.35,7.26,4.85
Mucuri,0,BR,1552526724,82,-18.08,-39.55,81.96,13.47
Namtsy,40,RU,1552523400,77,62.72,129.66,3.2,2.24
San Quintin,92,PH,1552526725,80,17.54,120.52,74.22,2.73
Tsabong,48,BW,1552526725,23,-26.02,22.4,79.26,8.88
Kotka,90,FI,1552526125,86,60.47,26.95,28.99,13.87
Katangli,92,RU,1552526725,95,51.71,143.23,24.09,14.03
Devarkonda,0,IN,1552526725,81,16.69,78.91,67.07,3.18
Deep River,90,CA,1552526404,86,46.1,-77.49,30.99,6.93
Tuy Hoa,80,VN,1552526523,94,13.08,109.3,76.34,5.19
Port Antonio,20,JM,1552525200,57,18.18,-76.45,80.6,11.41
Boden,92,SE,1552522800,79,65.83,21.69,24.8,12.75
Lakes Entrance,92,AU,1552526504,73,-37.88,147.99,71.01,5.99
Boa Vista,0,BR,1552525200,43,2.82,-60.67,87.8,10.29
Phatthalung,20,TH,1552521600,94,7.62,100.08,73.4,2.24
Cassilandia,8,BR,1552526728,92,-19.11,-51.73,72.96,2.62
Houma,0,CN,1552526728,88,35.63,111.36,28.95,1.95
Lashio,0,MM,1552526491,85,22.93,97.75,54.92,1.83
Harper,1,US,1552526717,75,30.3,-99.24,73.4,6.93
Kavaratti,0,IN,1552526729,100,10.57,72.64,83.22,13.58
Damietta,48,EG,1552521600,66,31.42,31.81,55.4,23.04
Pangnirtung,24,CA,1552526729,51,66.15,-65.72,-9.75,5.41
Victoria,75,BN,1552523400,83,5.28,115.24,80.6,2.28
Lagoa,0,PT,1552526693,44,37.14,-8.45,57.2,13.87
Sitka,88,US,1552526790,63,37.17,-99.65,55.46,30.36
Chihuahua,5,MX,1552526706,14,28.66,-106.08,69.8,19.46
Port Hardy,90,CA,1552525200,70,50.7,-127.42,46.4,8.05
Mpika,80,ZM,1552526791,91,-11.84,31.4,64.32,2.95
Maceio,75,BR,1552525200,94,-9.67,-35.74,75.2,3.36
Shache,68,CN,1552526791,81,38.42,77.24,31.92,2.62
Macae,0,BR,1552521600,74,-22.37,-41.79,78.8,2.24
Balakhta,92,RU,1552526791,74,55.38,91.62,31.92,10.11
Nuevitas,20,CU,1552524600,78,21.55,-77.27,73.4,9.17
Pasighat,48,IN,1552526792,74,28.06,95.33,58.29,2.39
Cidreira,0,BR,1552526792,88,-30.17,-50.22,71.43,9.55
Kenai,1,US,1552526524,55,60.55,-151.26,37.4,27.51
Kalmunai,64,LK,1552526792,96,7.42,81.82,73.77,3.74
Avarua,64,CK,1552523400,74,-21.21,-159.78,84.2,21.92
Marsh Harbour,36,BS,1552526725,100,26.54,-77.06,73.32,19.51
Smithers,90,CA,1552525200,51,54.78,-127.17,39.2,2.24
East Millcreek,90,US,1552526790,82,40.7,-111.81,36.0,8.05
Samfya,68,ZM,1552526793,97,-11.37,29.56,65.36,7.76
Seduva,0,LT,1552524600,100,55.77,23.77,33.8,10.29
Nagato,40,JP,1552526427,34,34.35,131.14,50.0,4.7
Ketchikan,90,US,1552521180,75,55.34,-131.65,42.8,27.51
Klaksvik,80,FO,1552526400,93,62.23,-6.59,37.4,12.75
Sobolevo,80,RU,1552526793,77,54.43,31.9,26.7,11.9
Iskateley,80,RU,1552526794,77,67.68,53.15,10.95,2.84
Santa Rosa,44,AR,1552526798,62,-36.62,-64.29,69.09,7.43
Auki,0,NG,1552526798,46,12.18,6.51,68.96,3.85
Bulawayo,0,ZW,1552526798,93,-20.16,28.59,60.72,5.75
Usogorsk,76,RU,1552526798,78,63.43,48.71,18.33,2.84
Bastia,0,IT,1552526780,43,44.6,8.98,51.01,4.7
Le Port,32,FR,1552526795,74,42.87,1.37,45.0,123.01
Belle Glade,40,US,1552526649,64,26.68,-80.67,75.2,10.29
Yanggu,56,CN,1552526800,86,25.39,116.32,56.13,2.28
Lethem,0,GY,1552526800,50,3.38,-59.8,85.34,15.48
Grand Gaube,20,MU,1552526644,83,-20.01,57.66,75.2,6.93
Isangel,75,VU,1552525200,74,-19.55,169.27,86.0,5.82
Jumla,92,NP,1552526801,100,29.28,82.18,26.88,1.72
Satuk,56,TR,1552526801,97,41.23,32.38,37.19,0.72
Beyneu,32,KZ,1552526801,63,45.32,55.19,50.01,8.21
Tehachapi,1,US,1552526790,32,35.13,-118.45,60.01,18.34
Hamilton,75,BM,1552526170,62,32.3,-64.78,59.0,13.87
Rawson,44,AR,1552526733,69,-43.3,-65.11,62.34,17.16
Chapais,90,CA,1552525200,91,49.78,-74.86,32.0,6.93
Kochi,40,IN,1552523400,88,9.96,76.25,75.2,3.36
Esmeraldas,0,BR,1552525200,83,-19.76,-44.31,71.6,3.36
Mao,20,DO,1552526742,78,19.55,-71.08,75.0,9.17
Buala,12,SB,1552526862,74,-8.15,159.59,87.77,6.53
Kano,0,NG,1552525200,33,11.99,8.53,73.4,4.7
Katobu,68,ID,1552526862,89,-4.94,122.53,83.76,9.44
Port Blair,0,IN,1552526862,100,11.67,92.75,79.94,6.2
Champerico,5,MX,1552524180,43,16.38,-93.6,87.8,13.87
Quelimane,75,MZ,1552525200,94,-17.88,36.89,77.0,19.46
Wanning,75,AT,1552526825,80,48.64,13.53,41.0,20.8
Kaset Sombun,0,TH,1552526863,73,16.28,101.95,66.17,2.39
Luorong,92,CN,1552526863,98,24.41,109.6,62.16,6.87
Kutum,0,SD,1552526863,20,14.2,24.66,62.34,10.11
Japura,92,ID,1552526863,97,-0.42,102.29,71.79,2.73
Chernyshevskiy,56,RU,1552526863,72,63.01,112.47,7.98,2.73
Nandi Hills,0,KE,1552521600,66,0.11,35.19,55.4,11.41
Saint-Leu,0,RE,1552526157,73,-21.15,55.28,75.2,9.17
Menongue,32,AO,1552526864,95,-14.66,17.68,61.8,2.39
Porto Novo,40,BR,1552521600,94,-23.68,-45.44,75.2,3.36
Chepareria,0,KE,1552526864,89,1.32,35.2,48.84,1.61
Port-Cartier,90,CA,1552526600,79,50.03,-66.88,27.0,5.82
Lisakovsk,68,KZ,1552526865,90,52.55,62.49,35.39,15.82
Banyumas,68,ID,1552526865,97,-7.52,109.29,81.96,4.41
Estevan,75,CA,1552526758,80,49.14,-102.99,33.8,20.8
Gambo,0,NG,1552526865,27,11.96,9.63,76.2,11.68
Bataipora,24,BR,1552526865,93,-22.3,-53.27,72.56,3.85
Khorinsk,0,RU,1552526866,62,52.16,109.78,17.57,4.18
Mandalgovi,0,MN,1552526866,65,45.76,106.27,16.67,11.45
Sabha,0,LY,1552526866,44,27.03,14.43,41.37,2.84
Praya,40,ID,1552525200,88,-8.71,116.27,78.8,3.4
Tessalit,0,ML,1552526866,22,20.2,1.01,56.76,7.2
Natitingou,0,BJ,1552521600,51,10.31,1.38,82.4,4.7
Sao Filipe,0,CV,1552526866,85,14.9,-24.5,73.82,17.27
Te Anau,36,NZ,1552526867,75,-45.41,167.72,49.56,3.51
Monroe,1,US,1552526643,100,41.91,-83.4,53.6,5.82
Vila Velha,75,BR,1552526288,94,-3.71,-38.6,75.99,8.05
Deputatskiy,20,RU,1552526826,52,69.3,139.9,-19.56,2.73
Esperance,20,TT,1552526706,83,10.24,-61.45,79.0,6.93
Tongling,92,CN,1552526867,83,30.93,117.81,51.36,2.84
Adrar,0,DZ,1552525200,16,27.87,-0.29,59.0,12.75
Thunder Bay,90,CA,1552526903,100,48.41,-89.26,37.0,5.82
Omboue,80,GA,1552526952,100,-1.57,9.26,79.08,6.64
Matay,0,EG,1552526874,42,28.42,30.79,51.77,10.56
Mareeba,40,AU,1552526002,62,-16.99,145.42,87.8,13.87
Chara,75,GR,1552526610,75,39.42,22.43,44.6,2.24
Kendari,20,ID,1552526953,88,-3.99,122.52,78.14,3.96
Roald,92,NO,1552526701,86,62.58,6.12,37.4,10.29
Okhotsk,0,RU,1552526953,87,59.36,143.24,13.29,3.18
Iberia,44,PE,1552526953,90,-11.41,-69.49,76.97,1.61
Ternate,20,PH,1552526922,51,14.29,120.72,84.99,9.17
Nushki,0,PK,1552526953,91,29.55,66.02,37.68,2.73
Doha,20,QA,1552525200,82,25.29,51.53,66.2,5.82
Vanimo,80,PG,1552526953,99,-2.67,141.3,82.59,17.27
Lagunas,76,PE,1552526954,85,-5.23,-75.68,79.08,2.28
Turochak,0,RU,1552526954,66,52.26,87.12,13.92,2.39
Atambua,92,ID,1552526954,100,-9.11,124.89,77.42,4.85
Alofi,75,NU,1552525200,74,-19.06,-169.92,84.2,18.34
Tucurui,68,BR,1552526951,91,-3.77,-49.67,77.55,2.17
Khurda,40,IN,1552525200,94,20.18,85.62,78.8,1.12
Yar-Sale,56,RU,1552526954,89,66.83,70.83,18.15,10.11
Srednekolymsk,44,RU,1552526955,70,67.46,153.71,-1.83,2.73
Tikrit,68,IQ,1552526955,36,34.62,43.68,64.19,16.82
Pinega,0,RU,1552526955,75,64.7,43.39,5.24,2.95
Nirsa,24,IN,1552526955,60,23.78,86.71,68.91,3.18
Ust-Ilimsk,92,RU,1552526955,83,57.96,102.73,27.51,9.1
Rapid Valley,90,US,1552526741,100,44.06,-103.15,30.0,18.34
Los Palacios,76,CU,1552526955,60,22.59,-83.25,81.02,5.97
Ukiah,1,US,1552526909,41,39.15,-123.21,59.0,11.41
Jackson,75,US,1552526483,64,35.61,-88.82,71.01,20.8
Nizhniy Odes,76,RU,1552526956,73,63.64,54.86,21.39,4.07
Salalah,0,OM,1552524600,49,17.01,54.1,71.6,3.36
Kingston,90,CA,1552526707,96,44.23,-76.48,35.6,10.29
Katsuura,75,JP,1552526912,31,33.93,134.5,50.0,14.99
Zhaotong,92,CN,1552526958,98,27.34,103.71,43.62,1.61
Pontianak,40,ID,1552525200,94,-0.02,109.34,78.8,7.2
Ust-Tsilma,56,RU,1552526958,90,65.44,52.15,19.01,4.63
San Cristobal,75,EC,1552526132,93,-0.39,-78.55,59.0,4.7
San Fernando,20,CL,1552525200,38,-34.58,-70.99,73.4,8.05
Kaa-Khem,0,RU,1552526960,69,51.7,94.56,11.49,2.51
Mayo,90,CA,1552525200,43,63.59,-135.9,35.6,6.93
Burley,90,US,1552524780,47,42.54,-113.79,39.2,18.34
Zyryanka,36,RU,1552526960,74,65.73,150.89,-3.05,3.18
Fairbanks,75,US,1552526724,47,64.84,-147.72,41.0,10.29
Caohe,12,CN,1552526961,80,32.93,105.08,23.87,1.95
Moranbah,0,AU,1552526961,74,-22.0,148.04,84.39,5.3
Samarai,92,PG,1552526805,100,-10.62,150.67,76.2,13.58
Reconquista,0,AR,1552527021,86,-29.14,-59.64,65.4,6.73
Navolato,5,MX,1552527016,47,24.76,-107.7,75.2,6.93
Zhanaozen,76,KZ,1552527022,95,43.35,52.85,43.21,3.94
Fredericksburg,1,US,1552526940,28,30.28,-98.87,75.0,5.82
La Romana,20,DO,1552525200,88,18.43,-68.97,75.2,4.7
Wewak,76,PG,1552527024,73,-3.55,143.63,85.78,4.38
Xiaoweizhai,92,CN,1552527024,98,26.23,107.51,51.0,4.38
Miri,0,NG,1552527025,54,10.31,9.75,63.46,3.38
Udachnyy,0,RU,1552526947,67,66.42,112.4,-10.25,2.51
Fairview,90,US,1552526776,60,40.81,-74.0,42.01,7.99
Itarema,24,BR,1552527027,97,-2.92,-39.92,74.22,3.04
Gongzhuling,0,CN,1552527027,48,43.5,124.81,38.58,10.87
Pospelikha,0,RU,1552527027,86,51.99,81.83,24.36,10.42
Shizukuishi,40,JP,1552525200,69,39.7,140.98,39.2,13.87
Moreira Sales,8,BR,1552527028,95,-24.05,-53.01,70.35,2.93
Havre-Saint-Pierre,75,CA,1552525200,85,50.23,-63.6,19.4,8.05
Sola,75,NO,1552527023,93,58.89,5.65,41.0,9.17
Husavik,92,CA,1552526770,87,50.56,-96.99,33.01,8.01
Sao Jose da Coroa Grande,92,BR,1552527030,100,-8.9,-35.15,77.1,2.48
Richards Bay,36,ZA,1552526882,87,-28.77,32.06,73.77,8.88
Phonhong,75,LA,1552525200,100,18.5,102.42,71.6,0.36
Shingu,40,JP,1552525200,37,33.72,135.99,50.0,18.34
Tezu,76,IN,1552527031,70,27.93,96.16,63.6,1.14
Gonbad-e Qabus,24,IR,1552525200,76,37.25,55.17,48.2,3.36
Rudsar,0,IR,1552525200,66,37.14,50.29,53.6,0.36
Kieta,88,PG,1552527031,100,-6.22,155.63,80.07,3.94
Hervey Bay,90,AU,1552527010,66,-25.3,152.85,87.01,10.29
North Las Vegas,1,US,1552527004,16,36.2,-115.11,55.99,18.34
Comodoro Rivadavia,40,AR,1552525200,87,-45.87,-67.48,60.8,10.42
Ulladulla,75,AU,1552526966,69,-35.36,150.48,73.99,6.93
La Asuncion,76,EC,1552527032,100,-1.64,-78.74,46.5,2.37
College,75,US,1552526724,47,64.86,-147.8,41.0,10.29
Ostrovnoy,12,RU,1552527032,76,68.05,39.51,8.88,12.77
Bissau,0,GW,1552527032,44,11.86,-15.58,73.05,7.63
Constantine,75,DZ,1552525200,87,36.36,6.61,44.6,4.7
Port Hedland,80,AU,1552525200,34,-20.31,118.58,96.8,13.87
Fort Nelson,40,CA,1552525200,33,58.81,-122.69,44.6,5.82
Beloha,20,MG,1552527033,79,-25.17,45.06,71.61,13.11
Vestmannaeyjar,92,IS,1552526804,91,63.44,-20.27,38.22,8.21
Boulder,90,US,1552526828,59,40.02,-105.27,35.6,21.92
Les Cayes,76,HT,1552527034,100,18.19,-73.75,75.39,9.19
Taoudenni,0,ML,1552527094,34,22.68,-3.98,51.99,7.4
Kisangani,20,CD,1552527094,94,0.52,25.21,73.32,2.04
Broken Hill,0,AU,1552525200,23,-31.97,141.45,73.4,6.93
Gazli,0,UZ,1552527094,62,40.13,63.45,43.17,5.95
Myitkyina,32,MM,1552527094,71,25.38,97.4,74.4,2.82
Tara,90,JP,1552526922,49,33.0,130.15,54.0,5.82
Sorland,92,NO,1552526798,100,67.67,12.69,34.49,21.18
Teya,5,MX,1552527024,35,21.05,-89.07,89.6,13.87
Kampong Chhnang,48,KH,1552527095,62,12.25,104.67,85.33,6.62
Nianzishan,44,CN,1552527095,46,47.51,122.88,34.93,9.98
Yumen,0,CN,1552527095,52,40.29,97.04,38.08,4.16
Thai Binh,75,VN,1552525200,100,20.45,106.33,73.4,4.7
Macomb,90,US,1552526676,100,40.46,-90.67,59.0,18.34
Luangwa,36,MZ,1552527096,70,-15.62,30.4,71.52,2.37
Gao,88,ML,1552527096,23,16.28,-0.04,74.49,7.74
Bathsheba,75,BB,1552525200,78,13.22,-59.52,78.8,14.99
Las Vegas,1,US,1552526752,16,36.17,-115.15,55.99,18.34
Chancay,40,PE,1552526705,88,-11.56,-77.27,73.4,10.29
Chumikan,80,RU,1552527097,87,54.72,135.31,23.19,7.07
Mokokchung,76,IN,1552527097,54,26.32,94.52,69.99,0.81
Nerchinsk,0,RU,1552527097,31,51.98,116.59,28.99,9.86
Kiruna,88,SE,1552524600,85,67.86,20.23,15.8,4.7
